<?xml version="1.0" encoding="UTF-8" ?>
<!DOCTYPE configuration
        PUBLIC "-//mybatis.org//DTD Config 3.0//EN"
        "http://mybatis.org/dtd/mybatis-3-config.dtd">
<configuration>
    <environments default="development">
        <environment id="development">
            <transactionManager type="JDBC"/>
            <dataSource type="POOLED">
                <!--property name="driver" value="com.mysql.jdbc.Driver"/-->
                <property name="driver" value="com.mysql.cj.jdbc.Driver"/>
                <property name="url" value="jdbc:mysql://47.100.138.100:3306/final?autoReconnect=true&amp;useSSL=false&amp;characterEncoding=utf-8"/>
                <property name="username" value="root"/>
                <property name="password" value="Jj971124."/>
            </dataSource>
        </environment>
    </environments>
    <mappers>
        <mapper resource="mapper/UserMapper.xml"/>
    </mappers>
</configuration>